USERID,EMAILID11,bazinga@seas.edu11,arvind@seas.edu11,reed@seas.edu12,arrow@seas.edu12,bazinga@seas.edu13,arrow@seas.edu13,reed@seas.edu13,amy@seas.edu14,arrow@seas.edu14,bazinga@seas.edu15,arrow@seas.edu15,bazinga@seas.edu15,arvind@seas.edu15,alice@seas.edu15,reed@seas.edu16,bazinga@seas.edu16,alice@seas.edu17,br@seas.upenn.edu18,d@seas.upenn.edu19,d@seas.upenn.edu20,br@seas.upenn.edu21,g@seas.upenn.edu22,h@seas.upenn.edu23,f@seas.upenn.edu24,g@seas.upenn.edu25,ls@seas.upenn.edu25,ls@seas.upenn.edu26,xisco@gmail.com71,1@weerocks.com71,a@b.com71,a@c.com71,a@d.com71,a@e.com72,1@weerocks.com72,b@b.com72,a@c.com72,a@d.com72,a@e.com73,1@weerocks.com73,b@b.com73,c@c.com73,a@d.com73,a@e.com74,1@weerocks.com74,b@b.com74,c@c.com74,d@d.com74,a@e.com75,1@weerocks.com75,b@b.com75,c@c.com75,d@d.com75,e@e.com76,b@b.com76,c@c.com76,d@d.com76,e@e.com76,f@f.com77,c@c.com77,d@d.com77,e@e.com77,f@f.com77,g@g.com78,d@d.com78,e@e.com78,f@f.com78,g@g.com78,h@h.com79,e@e.com79,f@f.com79,g@g.com79,h@h.com79,i@i.com80,f@f.com80,g@g.com80,h@h.com80,i@i.com80,j@j.com81,g@g.com81,h@h.com81,i@i.com81,j@j.com81,k@a.com82,h@h.com82,i@i.com82,j@j.com82,k@a.com82,l@a.com83,i@i.com83,j@j.com83,k@a.com83,l@a.com83,m@a.com84,j@j.com84,k@a.com84,l@a.com84,m@a.com84,n@a.com85,k@a.com85,l@a.com85,m@a.com85,n@a.com85,o@a.com86,l@a.com86,m@a.com86,n@a.com86,o@a.com86,p@a.com87,m@a.com87,n@a.com87,o@a.com87,q@a.com88,n@a.com88,o@a.com88,p@a.com88,q@a.com88,r@a.com89,o@a.com89,p@a.com89,q@a.com89,r@a.com89,s@a.com90,p@a.com90,q@a.com90,r@a.com90,s@a.com90,t@a.com91,q@a.com91,r@a.com91,s@a.com91,t@a.com91,u@a.com92,r@a.com92,s@a.com92,t@a.com92,u@a.com92,v@a.com93,s@a.com93,t@a.com93,u@a.com93,v@a.com93,w@a.com94,t@a.com94,u@a.com94,v@a.com94,w@a.com94,x@a.com95,u@a.com95,v@a.com95,w@a.com95,x@a.com95,y@a.com96,v@a.com96,w@a.com96,x@a.com96,y@a.com96,z@a.com97,w@a.com97,x@a.com97,y@a.com97,z@a.com97,aa@a.com98,x@a.com98,y@a.com98,z@a.com98,aa@a.com98,b@a.com99,y@a.com99,z@a.com99,aa@a.com99,b@a.com99,c@a.com100,z@a.com100,aa@a.com100,b@a.com100,c@a.com100,d@a.com101,aa@a.com101,b@a.com101,c@a.com101,d@a.com101,e@a.com102,b@a.com102,c@a.com102,d@a.com102,e@a.com102,f@a.com103,c@a.com103,d@a.com103,e@a.com103,f@a.com103,g@a.com104,d@a.com104,e@a.com104,f@a.com104,g@a.com104,h@a.com105,e@a.com105,f@a.com105,g@a.com105,h@a.com105,i@a.com106,f@a.com106,g@a.com106,h@a.com106,i@a.com106,j@a.com107,g@a.com107,h@a.com107,i@a.com107,j@a.com107,a@b.com108,h@a.com108,i@a.com108,j@a.com108,a@b.com108,a@c.com109,i@a.com109,j@a.com109,a@b.com109,a@c.com109,a@d.com110,j@a.com110,a@b.com110,a@c.com110,a@d.com110,a@e.com112,jthomas@seas.upenn.edu113,randerson@seas.upenn.edu114,jthomas@seas.upenn.edu114,dwhite@seas.upenn.edu114,sjackson@seas.upenn.edu115,ctaylor@seas.upenn.edu115,hjones@seas.upenn.edu115,twilson@seas.upenn.edu116,awilliams@seas.upenn.edu116,twilson@seas.upenn.edu116,randerson@seas.upenn.edu116,dwhite@seas.upenn.edu117,jthomas@seas.upenn.edu118,sjackson@seas.upenn.edu118,jthomas@seas.upenn.edu118,kmiller@seas.upenn.edu118,hjones@seas.upenn.edu119,kmiller@seas.upenn.edu119,amoore@seas.upenn.edu119,tdavis@seas.upenn.edu119,sjackson@seas.upenn.edu119,kmartin@seas.upenn.edu120,tdavis@seas.upenn.edu120,kmiller@seas.upenn.edu120,kmartin@seas.upenn.edu120,amoore@seas.upenn.edu120,jbrown@seas.upenn.edu121,kmartin@seas.upenn.edu121,dwhite@seas.upenn.edu122,kmartin@seas.upenn.edu122,jbrown@seas.upenn.edu122,hjones@seas.upenn.edu122,randerson@seas.upenn.edu122,twilson@seas.upenn.edu123,kmartin@seas.upenn.edu123,twilson@seas.upenn.edu123,nharris@seas.upenn.edu123,ctaylor@seas.upenn.edu125,twilson@seas.upenn.edu125,jthomas@seas.upenn.edu126,apardo@seas.upenn.edu126,dcabrera@seas.upenn.edu126,ffuentes@seas.upenn.edu126,jsui@seas.upenn.edu126,jgarcia@seas.upenn.edu126,magnese@seas.upenn.edu126,oesse@seas.upenn.edu126,sprieto@seas.upenn.edu126,zvolkman@seas.upenn.edu127,apardo@seas.upenn.edu127,bguthrie@seas.upenn.edu127,sprieto@seas.upenn.edu128,bguthrie@seas.upenn.edu129,bguthrie@seas.upenn.edu129,jgarcia@seas.upenn.edu129,magnese@seas.upenn.edu129,oesse@seas.upenn.edu130,bguthrie@seas.upenn.edu130,magnese@seas.upenn.edu130,sprieto@seas.upenn.edu131,bguthrie@seas.upenn.edu131,jgarcia@seas.upenn.edu131,sprieto@seas.upenn.edu132,bguthrie@seas.upenn.edu132,oesse@seas.upenn.edu133,bguthrie@seas.upenn.edu133,ffuentes@seas.upenn.edu133,jsui@seas.upenn.edu134,bguthrie@seas.upenn.edu134,ffuentes@seas.upenn.edu134,zvolkman@seas.upenn.edu135,bguthrie@seas.upenn.edu135,jsui@seas.upenn.edu135,zvolkman@seas.upenn.edu136,jennie@seas.upenn.edu137,leean33n@hotmail.com138,willie@gmail.com139,yJosh@gmail.com140,bestyaoming@gmail.com141,yaoyaodo@gmail.com142,ywhee@gmail.com143,themaster@gmail.com144,poohbaby@gmail.com155,joannabana@gmail.com170,mat@downtonabbey.org170,sy@downtonabbey.org171,sy@downtonabbey.org172,co@downtonabbey.org172,ed@downtonabbey.org172,ma@downtonabbey.org172,mat@downtonabbey.org173,ed@downtonabbey.org173,ma@downtonabbey.org173,ro@downtonabbey.org173,sy@downtonabbey.org174,co@downtonabbey.org174,ma@downtonabbey.org174,mat@downtonabbey.org175,is@downtonabbey.org175,ma@downtonabbey.org175,ro@downtonabbey.org176,ma@downtonabbey.org176,mat@downtonabbey.org176,vi@downtonabbey.org177,is@downtonabbey.org177,ma@downtonabbey.org177,ro@downtonabbey.org178,swhite@en.com178,yo@en.com179,hanks@en.com179,maries@en.com180,ehrmantraut@en.com180,gustavo@en.com180,iamthedanger@en.com182,ehrmantraut@en.com182,yo@en.com183,maries@en.com184,hanks@en.com186,wt202@fake.com186,wt203@fake.com186,wt204@fake.com186,wt205@fake.com186,wt206@fake.com186,wt207@fake.com186,wt208@fake.com186,wt209@fake.com186,wt210@fake.com187,wt205@fake.com187,wt207@fake.com187,wt209@fake.com188,wt205@fake.com188,wt206@fake.com188,wt208@fake.com189,wt206@fake.com189,wt208@fake.com189,wt210@fake.com190,wt206@fake.com190,wt207@fake.com190,wt209@fake.com191,wt209@fake.com191,wt210@fake.com192,wt209@fake.com193,wt209@fake.com194,wt210@fake.com196,ra@upenn.edu198,bl@wharton.upenn.edu198,ma@freelibrary.org201,bl@wharton.upenn.edu206,benxiongwu@upenn.edu206,fentongyin@upenn.edu206,boli@upenn.edu206,bo@eniac.com207,fentongyin@upenn.edu207,boli@upenn.edu207,gangxiang@upenn.edu208,boli@upenn.edu208,gangxiang@upenn.edu208,benxiongwu@upenn.edu209,gangxiang@upenn.edu209,benxiongwu@upenn.edu209,fentongyin@upenn.edu210,xgang@eniac.com210,Sandy16@gmail.com210,xgang@eniac.com211,ben@eniac.com211,xgang@eniac.com211,bo@eniac.com212,Francis15@gmail.com212,ben@eniac.com212,xgang@eniac.com212,bo@eniac.com213,xgang@eniac.com213,gangxiang@upenn.edu213,xgang@eniac.com214,bar@gmail.com214,honh@gmail.com214,gien@gmail.com214,Cindy13@gmail.com215,honh@gmail.com215,gien@gmail.com215,Findy14@gmail.com215,foo@gmail.com216,gien@gmail.com216,Cindy13@gmail.com216,Francis15@gmail.com216,foo@gmail.com216,bar@gmail.com217,Findy14@gmail.com217,foo@gmail.com217,bar@gmail.com217,honh@gmail.com218,foo@gmail.com218,honh@gmail.com219,bar@gmail.com219,gien@gmail.com220,honh@gmail.com220,xgang@eniac.com221,ben@eniac.com222,finnth@candykingdom.ooo222,gunter@icekingdom.ooo222,doorlord@candykingdom.ooo222,lemongrab@lemonkingdom.ooo222,susan@candykingdom.ooo223,gob@mars.ooo223,lord@candykingdom.ooo223,prince@candykingdom.ooo223,fisho@icekingdom.ooo223,morrow@candykingdom.ooo224,banned@mars.ooo224,gunter@icekingdom.ooo224,blankie@pillowkingdom.ooo224,lemongrab@lemonkingdom.ooo224,cinnamon@candykingdom.ooo225,sam@samadams.com225,jtdog@candykingdom.ooo225,marsh@nightosphere.ooo225,blankie@pillowkingdom.ooo225,butler@candykingdom.ooo226,finnth@candykingdom.ooo226,ctcat@candykingdom.ooo226,goliad@candykingdom.ooo226,kingworm@candykingdom.ooo226,susan@candykingdom.ooo227,ctcat@candykingdom.ooo227,marsh@nightosphere.ooo227,goliad@candykingdom.ooo227,blankie@pillowkingdom.ooo227,cinnamon@candykingdom.ooo228,hamspanker@goblinkingdom.ooo228,marcie@nightosphere.ooo228,goose@candykingdom.ooo228,kingworm@candykingdom.ooo228,susan@candykingdom.ooo229,lady@candykingdom.ooo229,ctcat@candykingdom.ooo229,prince@candykingdom.ooo229,goose@candykingdom.ooo229,cinnamon@candykingdom.ooo230,hoop@joop.me230,admin@nightosphere.ooo230,doorlord@candykingdom.ooo230,cinnamon@candykingdom.ooo230,morrow@candykingdom.ooo231,bmo@mofactory.ooo231,ctcat@candykingdom.ooo231,cosmicowl@multiverse.ooo231,prince@candykingdom.ooo231,lemongrab@lemonkingdom.ooo232,bmo@mofactory.ooo232,marcie@nightosphere.ooo232,prince@candykingdom.ooo232,blankie@pillowkingdom.ooo232,cinnamon@candykingdom.ooo233,lady@candykingdom.ooo233,marcie@nightosphere.ooo233,cosmicowl@multiverse.ooo233,stormo@candykingdom.ooo233,kingworm@candykingdom.ooo234,marcie@nightosphere.ooo234,prince@candykingdom.ooo234,goose@candykingdom.ooo234,master@candykingdom.ooo234,morrow@candykingdom.ooo235,admin@candykingdom.ooo235,fionath@candykingdom.ooo235,billy@test.com235,goose@candykingdom.ooo235,lsp@lumpyspace.ooo236,marcie@nightosphere.ooo236,admin@nightosphere.ooo236,goose@candykingdom.ooo236,fisho@icekingdom.ooo236,kingworm@candykingdom.ooo237,ctcat@candykingdom.ooo237,cosmicowl@multiverse.ooo237,stormo@candykingdom.ooo237,cinnamon@candykingdom.ooo237,morrow@candykingdom.ooo238,admin@nightosphere.ooo238,admin@mars.ooo238,billy@test.com238,goliad@candykingdom.ooo238,butler@candykingdom.ooo239,lady@candykingdom.ooo239,marsh@nightosphere.ooo239,prince@candykingdom.ooo239,stormo@candykingdom.ooo239,lemongrab@lemonkingdom.ooo240,lord@candykingdom.ooo240,marsh@nightosphere.ooo240,billy@test.com240,goose@candykingdom.ooo240,islandlady@candykingdom.ooo241,lord@candykingdom.ooo241,cosmicowl@multiverse.ooo241,goose@candykingdom.ooo241,islandlady@candykingdom.ooo241,lemongrab@lemonkingdom.ooo242,sam@samadams.com242,admin@candykingdom.ooo242,lady@candykingdom.ooo242,goose@candykingdom.ooo242,master@candykingdom.ooo243,hoop@joop.me243,bmo@mofactory.ooo243,hamspanker@goblinkingdom.ooo243,blankie@pillowkingdom.ooo243,morrow@candykingdom.ooo244,bmo@mofactory.ooo244,ctcat@candykingdom.ooo244,stormo@candykingdom.ooo244,cinnamon@candykingdom.ooo244,master@candykingdom.ooo245,marcie@nightosphere.ooo245,billy@test.com245,goose@candykingdom.ooo245,master@candykingdom.ooo245,morrow@candykingdom.ooo246,billy@test.com246,prince@candykingdom.ooo246,blankie@pillowkingdom.ooo246,goose@candykingdom.ooo246,master@candykingdom.ooo247,gob@mars.ooo247,ctcat@candykingdom.ooo247,kingworm@candykingdom.ooo247,cinnamon@candykingdom.ooo247,master@candykingdom.ooo248,fionath@candykingdom.ooo248,marcie@nightosphere.ooo248,billy@test.com248,doorlord@candykingdom.ooo248,lsp@lumpyspace.ooo249,lady@candykingdom.ooo249,ctcat@candykingdom.ooo249,admin@nightosphere.ooo249,cosmicowl@multiverse.ooo249,fisho@icekingdom.ooo250,hoop@joop.me250,marcie@nightosphere.ooo250,partygod@candykingdom.ooo250,islandlady@candykingdom.ooo250,morrow@candykingdom.ooo251,cosmicowl@multiverse.ooo251,stormo@candykingdom.ooo251,goose@candykingdom.ooo251,wiz@candykingdom.ooo251,islandlady@candykingdom.ooo252,hamspanker@goblinkingdom.ooo252,iceking@icekingdom.ooo252,jamesbaxter@candykingdom.ooo252,blankie@pillowkingdom.ooo252,goose@candykingdom.ooo253,ctcat@candykingdom.ooo253,jamesbaxter@candykingdom.ooo253,cosmicowl@multiverse.ooo253,prince@candykingdom.ooo253,cinnamon@candykingdom.ooo254,sam@samadams.com254,prince@candykingdom.ooo254,goose@candykingdom.ooo254,partygod@candykingdom.ooo254,morrow@candykingdom.ooo255,lord@candykingdom.ooo255,cosmicowl@multiverse.ooo255,blankie@pillowkingdom.ooo255,goose@candykingdom.ooo255,doorlord@candykingdom.ooo256,hoop@joop.me256,stormo@candykingdom.ooo256,islandlady@candykingdom.ooo256,butler@candykingdom.ooo256,cinnamon@candykingdom.ooo257,hoop@joop.me257,marsh@nightosphere.ooo257,prince@candykingdom.ooo257,butler@candykingdom.ooo257,lemongrab@lemonkingdom.ooo258,goliad@candykingdom.ooo258,blankie@pillowkingdom.ooo258,butler@candykingdom.ooo258,lsp@lumpyspace.ooo258,morrow@candykingdom.ooo259,hoop@joop.me259,blankie@pillowkingdom.ooo259,goose@candykingdom.ooo259,doorlord@candykingdom.ooo259,susan@candykingdom.ooo260,lord@candykingdom.ooo260,prince@candykingdom.ooo260,goose@candykingdom.ooo260,lsp@lumpyspace.ooo260,morrow@candykingdom.ooo261,jtdog@candykingdom.ooo261,cosmicowl@multiverse.ooo261,fisho@icekingdom.ooo261,cinnamon@candykingdom.ooo261,susan@candykingdom.ooo293,ashwinb@wharton.upenn.edu293,steve@apple.com293,tux@gnu.org294,sillelewis@gmail.com294,steve@apple.com294,tux@gnu.org296,tux@gnu.org